{"children": [
{"x": 0.125, "y": 0.125, "width": 0.25, "level": 0, "CID": 0}
 ,{"x": 0.4375, "y": 0.1875, "width": 0.125, "level": 1, "CID": 1}
 ,{"x": 0.4375, "y": 0.0625, "width": 0.125, "level": 1, "CID": 2}
 ,{"x": 0.3125, "y": 0.0625, "width": 0.125, "level": 1, "CID": 3}
 ,{"x": 0.3125, "y": 0.1875, "width": 0.125, "level": 1, "CID": 4}
 ,{"x": 0.6875, "y": 0.1875, "width": 0.125, "level": 1, "CID": 5}
 ,{"x": 0.6875, "y": 0.0625, "width": 0.125, "level": 1, "CID": 6}
 ,{"x": 0.5625, "y": 0.0625, "width": 0.125, "level": 1, "CID": 7}
 ,{"x": 0.5625, "y": 0.1875, "width": 0.125, "level": 1, "CID": 8}
 ,{"x": 0.875, "y": 0.125, "width": 0.25, "level": 0, "CID": 9}
 ,{"x": 0.125, "y": 0.375, "width": 0.25, "level": 0, "CID": 10}
 ,{"x": 0.46875, "y": 0.46875, "width": 0.0625, "level": 2, "CID": 11}
 ,{"x": 0.46875, "y": 0.40625, "width": 0.0625, "level": 2, "CID": 12}
 ,{"x": 0.40625, "y": 0.40625, "width": 0.0625, "level": 2, "CID": 13}
 ,{"x": 0.40625, "y": 0.46875, "width": 0.0625, "level": 2, "CID": 14}
 ,{"x": 0.484375, "y": 0.359375, "width": 0.03125, "level": 3, "CID": 15}
 ,{"x": 0.484375, "y": 0.328125, "width": 0.03125, "level": 3, "CID": 16}
 ,{"x": 0.453125, "y": 0.328125, "width": 0.03125, "level": 3, "CID": 17}
 ,{"x": 0.453125, "y": 0.359375, "width": 0.03125, "level": 3, "CID": 18}
 ,{"x": 0.46875, "y": 0.28125, "width": 0.0625, "level": 2, "CID": 19}
 ,{"x": 0.40625, "y": 0.28125, "width": 0.0625, "level": 2, "CID": 20}
 ,{"x": 0.40625, "y": 0.34375, "width": 0.0625, "level": 2, "CID": 21}
 ,{"x": 0.3125, "y": 0.3125, "width": 0.125, "level": 1, "CID": 22}
 ,{"x": 0.3125, "y": 0.4375, "width": 0.125, "level": 1, "CID": 23}
 ,{"x": 0.6875, "y": 0.4375, "width": 0.125, "level": 1, "CID": 24}
 ,{"x": 0.6875, "y": 0.3125, "width": 0.125, "level": 1, "CID": 25}
 ,{"x": 0.59375, "y": 0.34375, "width": 0.0625, "level": 2, "CID": 26}
 ,{"x": 0.59375, "y": 0.28125, "width": 0.0625, "level": 2, "CID": 27}
 ,{"x": 0.53125, "y": 0.28125, "width": 0.0625, "level": 2, "CID": 28}
 ,{"x": 0.53125, "y": 0.34375, "width": 0.0625, "level": 2, "CID": 29}
 ,{"x": 0.5625, "y": 0.4375, "width": 0.125, "level": 1, "CID": 30}
 ,{"x": 0.875, "y": 0.375, "width": 0.25, "level": 0, "CID": 31}
 ,{"x": 0.125, "y": 0.625, "width": 0.25, "level": 0, "CID": 32}
 ,{"x": 0.4375, "y": 0.6875, "width": 0.125, "level": 1, "CID": 33}
 ,{"x": 0.4375, "y": 0.5625, "width": 0.125, "level": 1, "CID": 34}
 ,{"x": 0.3125, "y": 0.5625, "width": 0.125, "level": 1, "CID": 35}
 ,{"x": 0.3125, "y": 0.6875, "width": 0.125, "level": 1, "CID": 36}
 ,{"x": 0.6875, "y": 0.6875, "width": 0.125, "level": 1, "CID": 37}
 ,{"x": 0.6875, "y": 0.5625, "width": 0.125, "level": 1, "CID": 38}
 ,{"x": 0.5625, "y": 0.5625, "width": 0.125, "level": 1, "CID": 39}
 ,{"x": 0.5625, "y": 0.6875, "width": 0.125, "level": 1, "CID": 40}
 ,{"x": 0.875, "y": 0.625, "width": 0.25, "level": 0, "CID": 41}
 ,{"x": 0.125, "y": 0.875, "width": 0.25, "level": 0, "CID": 42}
 ,{"x": 0.375, "y": 0.875, "width": 0.25, "level": 0, "CID": 43}
 ,{"x": 0.625, "y": 0.875, "width": 0.25, "level": 0, "CID": 44}
 ,{"x": 0.875, "y": 0.875, "width": 0.25, "level": 0, "CID": 45}
 ]}