{"children": [
{"x": 0.25, "y": 0.25, "width": 0.166667, "level": 1, "CID": 0}
 ,{"x": 0.25, "y": 0.0833333, "width": 0.166667, "level": 1, "CID": 1}
 ,{"x": 0.0833333, "y": 0.0833333, "width": 0.166667, "level": 1, "CID": 2}
 ,{"x": 0.0833333, "y": 0.25, "width": 0.166667, "level": 1, "CID": 3}
 ,{"x": 0.5, "y": 0.166667, "width": 0.333333, "level": 0, "CID": 4}
 ,{"x": 0.833333, "y": 0.166667, "width": 0.333333, "level": 0, "CID": 5}
 ,{"x": 0.166667, "y": 0.5, "width": 0.333333, "level": 0, "CID": 6}
 ,{"x": 0.5, "y": 0.5, "width": 0.333333, "level": 0, "CID": 7}
 ,{"x": 0.833333, "y": 0.5, "width": 0.333333, "level": 0, "CID": 8}
 ,{"x": 0.166667, "y": 0.833333, "width": 0.333333, "level": 0, "CID": 9}
 ,{"x": 0.5, "y": 0.833333, "width": 0.333333, "level": 0, "CID": 10}
 ,{"x": 0.833333, "y": 0.833333, "width": 0.333333, "level": 0, "CID": 11}
 ]}